image_path,original_percentage,concentration_percentage,sensor_lux,sensor_ir,sensor_visible,solution_type
water.JPG,0.0,100,0.15,3.01,4.31,pure_water
coconut10.JPG,3.25,10,0.97,12.23,26.2,coconut_water
coconut20.JPG,3.25,20,1.03,10.9,26.58,coconut_water
coconut30.JPG,3.25,30,1.81,21.47,48.28,coconut_water
coconut40.JPG,3.25,40,2.06,25.41,55.3,coconut_water
coconut50.JPG,3.25,50,2.69,33.6,72.48,coconut_water
coconut60.JPG,3.25,60,2.59,31.93,69.62,coconut_water
coconut70.JPG,3.25,70,2.52,31.43,68.02,coconut_water
coconut80.JPG,3.25,80,2.35,30.26,57.1,coconut_water
coconut90.JPG,3.25,90,2.03,26.73,55.48,coconut_water
coconut100.JPG,3.25,100,1.54,21.42,42.61,coconut_water
wine10.JPG,14.5,10,1.19,14.43,31.83,wine
wine20.JPG,14.5,20,1.05,13.73,28.7,wine
wine30.JPG,14.5,30,0.97,12.2,26.27,wine
wine40.JPG,14.5,40,0.75,9.9,20.63,wine
wine50.JPG,14.5,50,0.71,8.37,20.13,wine
wine60.JPG,14.5,60,0.59,5.5,14.93,wine
wine70.JPG,14.5,70,0.56,5.93,14.59,wine
wine80.JPG,14.5,80,0.47,2.31,10.55,wine
wine90.JPG,14.5,90,0.33,3.09,7.05,wine
wine100.JPG,14.5,100,0.28,3.35,7.92,wine
Starch0_01.JPG,100,0.01,1.63,18.32,42.73,Starch
Starch0_1.JPG,100,0.1,30.05,332.12,785.93,Starch
Starch0_5.JPG,100,0.5,69.98,755.58,1820.43,Starch
Starch1.JPG,100,1,80.44,856.12,2086.23,Starch
Starch5.JPG,100,5,69.77,779.93,1829.53,Starch
Starch10.JPG,100,10,43.47,507.05,1151.4,Starch